cache_key,cache_value,expiration_time
nzVwZgyJjH,123cache,6:00 PM
Zt7x0m96AI,value456,12:00 PM
BwcR2IU4HO,xyz789,6:00 PM
3zbd1Go297,abc123,6:00 PM
2WeQ47nLuh,value456,12:00 PM
f93swwX0vt,123cache,12:00 PM
638wex9vsX,xyz789,6:00 PM
ho6yK1gRe5,value456,6:00 AM
RUJFT8pmg5,abc123,6:00 PM
kr4TUpfEd0,123cache,12:00 PM
mXVd122ZMJ,xyz789,6:00 AM
52pq8Os89p,xyz789,12:00 AM
53SdQJB569,abc123,12:00 AM
RH3E35sE8v,value456,6:00 PM
H3yj5C6lJ5,xyz789,6:00 PM
L96DV44QiK,xyz789,12:00 AM
noq92MGQT0,abc123,6:00 PM
b83AaW6TFv,value456,6:00 PM
vaSIePz984,value456,6:00 PM
XCa0VrUgwU,123cache,12:00 AM
6RQNe09v84,value456,6:00 AM
l96Tb234x9,123cache,12:00 PM
6F0kOwSfp5,value456,12:00 PM
IUgGf314tF,abc123,12:00 AM
h2hYmQ4bjM,abc123,6:00 PM
9WG0dy8zNg,123cache,6:00 AM
qagTFjjCOF,xyz789,6:00 PM
9sm1V12DJ5,xyz789,12:00 PM
Mg04JWM1l1,123cache,12:00 PM
L3h2x6stkF,xyz789,6:00 AM
E4e90xMYHA,123cache,12:00 PM
rXYtQnxI9D,value456,12:00 AM
31GQO5YfE3,123cache,12:00 AM
Nxu8p3FhLU,123cache,6:00 AM
wP3eB5256V,123cache,6:00 PM
m5SfOzb6td,xyz789,12:00 AM
R2TcXhrsu9,123cache,12:00 AM
T4CdzBPzdZ,xyz789,6:00 PM
4twKm7y0g9,xyz789,6:00 PM
Qkad3G842R,value456,6:00 AM
Z58ku9aJe2,value456,6:00 PM
7wjBi1DM9o,abc123,12:00 PM
2o1VL0485R,xyz789,6:00 PM
a3xPNsM9lZ,value456,6:00 AM
5lMg1xg5RG,xyz789,6:00 PM
XzV0Ty6clX,value456,6:00 AM
GI03fEs1I5,abc123,6:00 PM
hK4rrp894M,123cache,12:00 PM
nm1fDOId24,value456,12:00 AM
Hif5q3B0H4,123cache,6:00 AM
L0Nb2LKyA5,123cache,6:00 PM
42v17GPUmZ,abc123,6:00 AM
T4O5X0uuvw,123cache,6:00 PM
sXjxIrU6D3,123cache,12:00 PM
f1l53x9L3l,xyz789,12:00 PM
M6mJ04A320,abc123,6:00 AM
ncx5EY1cZ7,abc123,12:00 AM
0Zo40c84nz,value456,12:00 PM
V3jhpuMZeb,abc123,12:00 PM
df46mJBwM6,abc123,6:00 AM
Zwdg58z18Y,value456,6:00 PM
1uH10iTn4O,abc123,6:00 AM
042Hm1T1gK,abc123,6:00 AM
zGdu4Db7zi,value456,6:00 AM
RJ363oD980,abc123,6:00 PM
W6vvNYmBQj,xyz789,6:00 AM
3KMfWH88TD,xyz789,12:00 PM
okHZGI8fKH,value456,12:00 AM
1qni6dBgKu,abc123,6:00 AM
iya0O42bVq,xyz789,6:00 AM
u58Gd638Ky,123cache,12:00 AM
0Rhy4HZqol,value456,6:00 AM
1bk04MwO7U,xyz789,6:00 PM
6uKt0j6800,abc123,12:00 AM
CD3u2amubo,xyz789,6:00 AM
v7n0Tv1J7I,123cache,6:00 AM
630hXSDd7M,value456,6:00 PM
2ExETg4w5v,xyz789,6:00 AM
I4PbnC5Sc0,xyz789,12:00 AM
0p2zaXjnXa,xyz789,6:00 AM
E6D147pr78,value456,6:00 PM
y9lpk34501,xyz789,12:00 PM
H8YymE1UWK,abc123,6:00 AM
cq40AH5D0c,value456,6:00 PM
EH00887VTF,abc123,6:00 PM
pFWf2g0p33,xyz789,6:00 AM
wWlrr17uRr,abc123,12:00 PM
9wCIX1n0om,abc123,6:00 PM
uQG76JzgFz,abc123,12:00 PM
qwjY3ClCMQ,123cache,12:00 AM
G2Z2Eap559,abc123,12:00 AM
48jqAH7KI6,123cache,6:00 PM
6RVqYG3E2N,xyz789,12:00 AM
pI94I3OaIu,abc123,12:00 PM
rzjMosRHDQ,123cache,12:00 PM
Io3Bm7wLe5,xyz789,12:00 AM
v7nLqyiz6i,123cache,6:00 PM
cflMEP0fVK,abc123,6:00 PM
Lb017obfHh,123cache,6:00 AM
VJ3HTFA7da,xyz789,12:00 PM
